-- -------------------------------------------------------------
-- TablePlus 3.12.0(354)
--
-- https://tableplus.com/
--
-- Database: Flavourite.sqlite3
-- Generation Time: 2021-01-18 17:51:55.6240
-- -------------------------------------------------------------


DROP TABLE IF EXISTS "ingredient";
CREATE TABLE "ingredient" (
ingredient_id int not null primary key,
ingredient text not null
);

DROP TABLE IF EXISTS "recipe_ingredient";
CREATE TABLE "recipe_ingredient"(
recipe_id int not null,
ingredient_id int not null,
primary key (recipe_id, ingredient_id)
);

DROP TABLE IF EXISTS "recipe";
CREATE TABLE "recipe" (
recipe_id int not NULL primary key,
recipe TEXT not NULL,
restaurant_id int not NULL
);

DROP TABLE IF EXISTS "restaurant";
CREATE TABLE "restaurant" (
restaurant_id int not null primary key,
restaurant TEXT not null,
location text not null
);

DROP TABLE IF EXISTS "search_term";
CREATE TABLE "search_term" (
ingredient_id int not NULL,
synonym text not NULL,
primary key (ingredient_id, synonym)
);

INSERT INTO "ingredient" ("ingredient_id", "ingredient") VALUES
('1', 'Beef'),
('2', 'Pheasant '),
('3', 'Liver'),
('4', 'Goose'),
('5', 'Blood Pudding'),
('6', 'Sausage'),
('7', 'Lamb'),
('8', 'Bacon'),
('9', 'Sweetbread'),
('10', 'Pork Chop'),
('11', 'Nduja'),
('12', 'Bavette'),
('13', 'Bone Marrow'),
('14', 'Beef Shin'),
('15', 'Chicken'),
('16', 'Foie Gras'),
('17', 'Lardo'),
('18', 'Rabbit'),
('19', 'Venison'),
('20', 'Offal'),
('21', 'Snail'),
('22', 'Short Rib'),
('23', 'Anchovy'),
('24', 'Clam'),
('25', 'Oyster'),
('26', 'Monkfish'),
('27', 'Hake'),
('28', 'Plaice'),
('29', 'Smoked Salmon'),
('30', 'Caper'),
('31', 'Eel'),
('32', 'Scallop'),
('33', 'Bottarga'),
('34', 'Crab'),
('35', 'Turbot'),
('36', 'Mussel'),
('37', 'Caviar'),
('38', 'Sardine'),
('39', 'Squid Ink'),
('40', 'Tuna'),
('41', 'Cod'),
('42', 'Scallop'),
('43', 'Brill'),
('44', 'John Dory'),
('45', 'Prawn'),
('46', 'Shrimp'),
('47', 'Trout'),
('48', 'Octopus'),
('49', 'Sea Bream'),
('50', 'Quail'),
('51', 'Mackerel'),
('52', 'Mullet'),
('53', 'Gurnard'),
('54', 'Tomato'),
('55', 'Salad'),
('56', 'Turnip'),
('57', 'Chilli'),
('58', 'Lemon'),
('59', 'Carrot'),
('60', 'Spinach'),
('61', 'Apple'),
('62', 'Artichoke'),
('63', 'Cabbage'),
('64', 'Garlic'),
('65', 'Pumpkin'),
('66', 'Orange'),
('67', 'Quince'),
('68', 'Potato'),
('69', 'Beetroot'),
('70', 'Pear'),
('71', 'Seaweed'),
('72', 'Leek'),
('73', 'Bean'),
('74', 'Onion'),
('75', 'Strawberry'),
('76', 'Broad Beans'),
('77', 'Peas'),
('78', 'Mushroom'),
('79', 'Courgette'),
('80', 'Pumpkin'),
('81', 'Radicchio'),
('82', 'Celery'),
('83', 'Clemetine'),
('84', 'Endive'),
('85', 'Olive'),
('86', 'Pomegranate'),
('87', 'Sancho Pepper'),
('88', 'Brussel Sprout'),
('89', 'Celeriac'),
('90', 'Cauliflower'),
('91', 'Fennel'),
('92', 'Chard'),
('93', 'Chickpea'),
('94', 'Cavolo Nero'),
('95', 'Shallot'),
('96', 'Kale'),
('97', 'Cucumber'),
('98', 'Lettuce'),
('99', 'Aubergine'),
('100', 'Watermelon'),
('101', 'Pickle'),
('102', 'Beetroot'),
('103', 'Grapefruit'),
('104', 'Prune'),
('105', 'Brocolli'),
('106', 'Red Cabbage'),
('107', 'Parsnip'),
('108', 'Truffle'),
('109', 'Almond'),
('110', 'Walnut'),
('111', 'Chestnut'),
('112', 'Hazlenut'),
('113', 'Sage'),
('114', 'Paprika'),
('115', 'Thyme'),
('116', 'Marjoram'),
('117', 'Mint'),
('118', 'Saffron'),
('119', 'Rosemary'),
('120', 'Carraway'),
('121', 'Damson'),
('122', 'Parsley'),
('123', 'Oregano'),
('124', 'Chervil'),
('125', 'Dill'),
('126', 'Peppercorn'),
('127', 'Watercress'),
('128', 'Peanut'),
('129', 'Hard Cheese'),
('130', 'Buratta'),
('131', 'Ricotta'),
('132', 'Goat''s Curd'),
('133', 'Stracciatella'),
('134', 'Focaccia'),
('135', 'Egg'),
('136', 'Pasta'),
('137', 'Crème Fraîche'),
('138', 'Honey'),
('139', 'Horseradish'),
('140', 'White Wine'),
('141', 'Porridge'),
('142', 'Stock'),
('143', 'Buttermilk'),
('144', 'Duck Fat'),
('145', 'Mustard'),
('146', 'Salsa Verde'),
('147', 'Sour Cream'),
('148', 'Lentil'),
('149', 'Red Wine'),
('150', 'Polenta'),
('151', 'Aioli'),
('152', 'Olive Oil'),
('153', 'Salsa Rossa'),
('154', 'Pearl Barley'),
('155', 'Steamed Bun'),
('156', 'Rice'),
('157', 'Tahini'),
('158', 'Risotto'),
('159', 'Harissa'),
('160', 'Yoghurt'),
('161', 'Caesar Dressing'),
('162', 'Soy'),
('163', 'Cider'),
('164', 'Treacle'),
('165', 'Crumpet'),
('166', 'Sesame'),
('167', 'Spelt'),
('168', 'Extra Virgin Olive Oil'),
('169', 'Haddock'),
('170', 'Duck'),
('171', 'Butter'),
('172', 'Gorgonzola'),
('173', 'Cod''s Roe'),
('174', 'Basil');

INSERT INTO "recipe_ingredient" ("recipe_id", "ingredient_id") VALUES
('1', '134'),
('1', '168'),
('2', '1'),
('2', '54'),
('2', '55'),
('2', '129'),
('3', '108'),
('3', '135'),
('4', '23'),
('4', '56'),
('4', '57'),
('4', '136'),
('5', '58'),
('5', '109'),
('5', '137'),
('6', '2'),
('6', '59'),
('6', '60'),
('6', '138'),
('7', '25'),
('7', '61'),
('7', '139'),
('8', '55'),
('8', '62'),
('9', '2'),
('9', '3'),
('9', '134'),
('10', '36'),
('10', '129'),
('10', '134'),
('10', '140'),
('11', '63'),
('11', '64'),
('11', '110'),
('11', '129'),
('12', '26'),
('12', '66'),
('12', '80'),
('13', '4'),
('13', '62'),
('13', '111'),
('14', '58'),
('14', '66'),
('15', '62'),
('15', '112'),
('16', '62'),
('16', '68'),
('17', '68'),
('17', '113'),
('17', '129'),
('17', '134'),
('18', '63'),
('18', '64'),
('18', '110'),
('19', '55'),
('19', '69'),
('19', '70'),
('20', '25'),
('20', '71'),
('21', '72'),
('21', '129'),
('22', '5'),
('22', '6'),
('22', '73'),
('23', '24'),
('23', '71'),
('23', '141'),
('24', '27'),
('24', '140'),
('24', '168'),
('25', '24'),
('25', '28'),
('25', '57'),
('25', '64'),
('25', '114'),
('25', '168'),
('26', '23'),
('26', '34'),
('26', '140'),
('27', '29'),
('27', '68'),
('27', '151'),
('28', '7'),
('28', '8'),
('28', '74'),
('29', '54'),
('29', '75'),
('29', '76'),
('30', '3'),
('30', '108'),
('30', '134'),
('31', '31'),
('31', '55'),
('31', '77'),
('31', '129'),
('31', '143'),
('32', '1'),
('32', '78'),
('32', '142'),
('33', '68'),
('33', '144'),
('33', '145'),
('34', '74'),
('34', '79'),
('34', '134'),
('35', '80'),
('35', '81'),
('35', '112'),
('35', '113'),
('35', '130'),
('36', '30'),
('36', '32'),
('36', '33'),
('36', '82'),
('36', '83'),
('37', '34'),
('37', '61'),
('37', '72'),
('37', '109'),
('38', '9'),
('38', '62'),
('38', '98'),
('38', '110'),
('39', '94'),
('39', '131'),
('39', '136'),
('40', '10'),
('40', '30'),
('40', '68'),
('40', '84'),
('40', '145'),
('41', '7'),
('41', '62'),
('41', '73'),
('41', '84'),
('41', '146'),
('42', '35'),
('42', '36'),
('42', '78'),
('42', '140'),
('43', '66'),
('43', '85'),
('44', '64'),
('44', '74'),
('44', '134'),
('45', '37'),
('45', '68'),
('45', '147'),
('46', '23'),
('46', '134'),
('48', '11'),
('48', '38'),
('48', '39'),
('49', '69'),
('49', '110'),
('49', '132'),
('50', '55'),
('50', '70'),
('50', '129'),
('51', '32'),
('51', '78'),
('51', '140'),
('52', '40'),
('52', '84'),
('52', '112'),
('53', '34'),
('53', '57'),
('53', '87'),
('54', '65'),
('54', '88'),
('54', '111'),
('54', '129'),
('55', '32'),
('55', '41'),
('55', '89'),
('55', '90'),
('55', '142'),
('56', '12'),
('56', '23'),
('56', '56'),
('56', '105'),
('57', '43'),
('57', '78'),
('57', '146'),
('57', '148'),
('58', '13'),
('58', '44'),
('58', '149'),
('59', '7'),
('59', '23'),
('59', '56'),
('59', '105'),
('60', '26'),
('60', '32'),
('60', '89'),
('60', '90'),
('61', '43'),
('61', '78'),
('61', '146'),
('61', '148'),
('62', '3'),
('62', '4'),
('62', '81'),
('62', '134'),
('63', '57'),
('63', '73'),
('63', '105'),
('63', '116'),
('64', '65'),
('64', '110'),
('64', '129'),
('64', '150'),
('65', '34'),
('65', '61'),
('65', '91'),
('65', '117'),
('66', '36'),
('66', '60'),
('66', '148'),
('66', '169'),
('67', '12'),
('67', '23'),
('67', '30'),
('67', '81'),
('68', '78'),
('68', '94'),
('68', '129'),
('68', '136'),
('69', '27'),
('69', '63'),
('69', '93'),
('69', '151'),
('70', '8'),
('70', '66'),
('70', '105'),
('70', '112'),
('71', '68'),
('71', '118'),
('71', '151'),
('72', '88'),
('72', '137'),
('72', '139'),
('73', '23'),
('73', '130'),
('74', '94'),
('74', '134'),
('74', '152'),
('75', '8'),
('75', '88'),
('75', '111'),
('75', '172'),
('76', '1'),
('76', '134'),
('77', '14'),
('77', '136'),
('78', '136'),
('78', '152'),
('79', '65'),
('79', '113'),
('79', '136'),
('79', '171'),
('80', '55'),
('80', '78'),
('80', '91'),
('80', '105'),
('80', '129'),
('81', '31'),
('81', '41'),
('81', '60'),
('81', '142'),
('82', '10'),
('82', '68'),
('82', '151'),
('83', '26'),
('83', '148'),
('83', '153'),
('84', '7'),
('84', '23'),
('84', '119'),
('84', '150'),
('85', '1'),
('85', '55'),
('85', '150'),
('85', '172'),
('87', '55'),
('87', '95'),
('87', '129'),
('88', '1'),
('88', '24'),
('88', '105'),
('89', '45'),
('89', '78'),
('89', '142'),
('90', '32'),
('90', '73'),
('91', '15'),
('91', '32'),
('91', '46'),
('92', '1'),
('92', '129'),
('92', '134'),
('93', '35'),
('93', '96'),
('93', '108'),
('94', '8'),
('94', '61'),
('94', '84'),
('95', '47'),
('95', '120'),
('95', '134'),
('96', '121'),
('96', '170'),
('97', '23'),
('97', '73'),
('97', '134'),
('98', '55'),
('98', '70'),
('98', '110'),
('98', '129'),
('99', '29'),
('99', '72'),
('99', '97'),
('99', '134'),
('100', '84'),
('100', '122'),
('100', '170'),
('101', '41'),
('101', '65'),
('101', '68'),
('101', '126'),
('102', '68'),
('102', '72'),
('103', '48'),
('103', '81'),
('104', '78'),
('104', '135'),
('105', '62'),
('105', '78'),
('105', '126'),
('106', '49'),
('106', '63'),
('106', '151'),
('107', '50'),
('107', '108'),
('108', '65'),
('108', '142'),
('109', '77'),
('109', '92'),
('109', '134'),
('110', '23'),
('110', '54'),
('110', '98'),
('111', '8'),
('111', '122'),
('112', '34'),
('112', '81'),
('112', '91'),
('113', '27'),
('113', '46'),
('113', '68'),
('114', '7'),
('114', '56'),
('114', '146'),
('115', '10'),
('115', '93'),
('115', '99'),
('115', '127'),
('115', '148'),
('116', '89'),
('116', '129'),
('116', '154'),
('117', '93'),
('117', '99'),
('118', '100'),
('118', '123'),
('118', '129'),
('119', '97'),
('119', '170'),
('120', '50'),
('120', '84'),
('121', '46'),
('121', '63'),
('121', '124'),
('122', '62'),
('122', '152'),
('123', '51'),
('123', '55'),
('123', '97'),
('124', '12'),
('124', '69'),
('124', '139'),
('124', '148'),
('125', '8'),
('125', '9'),
('125', '77'),
('126', '73'),
('126', '79'),
('126', '117'),
('127', '34'),
('127', '59'),
('127', '103'),
('128', '8'),
('128', '45'),
('129', '108'),
('129', '136'),
('130', '55'),
('130', '65'),
('130', '69'),
('131', '62'),
('131', '78'),
('131', '142'),
('132', '47'),
('132', '71'),
('132', '156'),
('133', '1'),
('133', '68'),
('133', '149'),
('134', '1'),
('134', '8'),
('134', '104'),
('134', '144'),
('135', '84'),
('135', '112'),
('135', '130'),
('136', '105'),
('136', '145'),
('136', '152'),
('137', '78'),
('137', '136'),
('138', '1'),
('138', '81'),
('138', '110'),
('138', '134'),
('139', '57'),
('139', '65'),
('139', '157'),
('140', '62'),
('140', '95'),
('140', '132'),
('141', '55'),
('141', '70'),
('141', '84'),
('141', '112'),
('142', '47'),
('142', '68'),
('142', '125'),
('142', '145'),
('143', '34'),
('143', '66'),
('143', '86'),
('143', '91'),
('144', '16'),
('144', '104'),
('144', '134'),
('145', '17'),
('145', '105'),
('145', '110'),
('146', '81'),
('146', '149'),
('146', '156'),
('147', '68'),
('147', '78'),
('147', '129'),
('148', '43'),
('148', '60'),
('148', '171'),
('149', '106'),
('149', '144'),
('149', '145'),
('149', '170'),
('150', '12'),
('150', '68'),
('150', '126'),
('150', '127'),
('151', '19'),
('151', '94'),
('152', '7'),
('152', '68'),
('152', '94'),
('152', '142'),
('153', '23'),
('153', '126'),
('154', '54'),
('154', '173'),
('155', '78'),
('155', '131'),
('155', '134'),
('156', '20'),
('156', '69'),
('156', '127'),
('157', '36'),
('157', '122'),
('157', '140'),
('157', '142'),
('158', '5'),
('158', '70'),
('158', '84'),
('159', '21'),
('159', '89'),
('159', '122'),
('160', '66'),
('160', '81'),
('160', '112'),
('160', '133'),
('161', '15'),
('161', '159'),
('161', '160'),
('162', '54'),
('162', '99'),
('162', '131'),
('162', '136'),
('162', '174'),
('163', '35'),
('163', '72'),
('163', '78'),
('164', '8'),
('164', '56'),
('164', '105'),
('165', '97'),
('165', '170'),
('166', '1'),
('166', '55'),
('166', '145'),
('167', '23'),
('167', '105'),
('167', '161'),
('168', '8'),
('168', '135'),
('169', '1'),
('169', '61'),
('169', '63'),
('170', '55'),
('170', '145'),
('171', '68'),
('171', '146'),
('172', '25'),
('172', '54'),
('172', '71'),
('172', '146'),
('173', '25'),
('173', '82'),
('173', '125'),
('173', '139'),
('174', '32'),
('174', '68'),
('174', '128'),
('174', '144'),
('175', '52'),
('175', '135'),
('175', '162'),
('176', '53'),
('176', '57'),
('176', '65'),
('176', '113'),
('177', '51'),
('177', '134'),
('177', '163'),
('178', '34'),
('178', '90'),
('178', '129'),
('178', '134'),
('179', '8'),
('179', '43'),
('179', '107'),
('179', '166'),
('180', '27'),
('180', '78'),
('180', '108'),
('181', '65'),
('181', '113'),
('181', '131'),
('182', '15'),
('182', '70'),
('182', '84'),
('182', '145'),
('182', '170'),
('183', '62'),
('183', '135'),
('184', '41'),
('184', '68'),
('184', '91'),
('184', '118'),
('184', '142'),
('185', '78'),
('185', '111'),
('185', '167'),
('186', '22'),
('186', '68'),
('186', '127'),
('187', '54'),
('187', '57'),
('187', '90'),
('187', '160');

INSERT INTO "recipe" ("recipe_id", "recipe", "restaurant_id") VALUES
('1', 'Focaccia & Extra Virgin Olive Oil', '1'),
('2', 'Carne Salada with Winter Tomato Relish, Rocket & Parmesan', '1'),
('3', 'Two Fried Eggs with White Alba Truffle', '1'),
('4', 'Orecchiette with Cime Di Rape, Anchovies & Chilli', '1'),
('5', 'Almond & Lemon Cake with Crème Fraîche', '1'),
('6', 'Pheasant, Carrot, Honey & Vinegar-Dressed Spinach', '1'),
('7', 'Carlingford Oyster, Apple & Horseradish', '2'),
('8', 'Bitter Leaves & Artichoke', '2'),
('9', 'Game Liver Toast', '2'),
('10', 'Mussel Flatbread, Spenwood & Vin Jaune', '2'),
('11', 'Grilled Brassicas, Stichelton, Ramson & Walnuts', '2'),
('12', 'Monkfish, Pumpkin & Bergamot', '2'),
('13', 'Goose, Jerusalem Artichoke, Chestnut & Quince', '2'),
('14', 'Meyer Lemon & Mandarin Sherbet', '2'),
('15', 'Jerusalem Artichoke & Hazelnuts', '2'),
('16', 'Violet Artichoke Soup', '2'),
('17', 'Potato Flatbread, Sage & Ogleshield', '2'),
('18', 'Grilled Brassicas, Ramson & Walnuts', '2'),
('19', 'Beetroot, Mustard Greens & Burnt Pear', '2'),
('20', 'Oysters Roasted with Seaweed', '3'),
('21', 'Young Leeks with Fresh Cheese', '3'),
('22', 'Blood Pudding, Mutton Sausage & Beans', '3'),
('23', 'Clam & Seaweed Porridge', '3'),
('24', 'Hake Kokotxas', '3'),
('25', 'Plaice ‘Pil-Pil’ with Clams', '3'),
('26', 'Velvet Crab Rice ', '3'),
('27', 'Smoke Salmon Fish Cake with Tartare', '4'),
('28', 'Lamb Skewer, Fried Onions & Bacon', '4'),
('29', 'Tomatoes, Strawbs & Broad Beans', '4'),
('30', 'Beef-Fat Brioche, Duck Liver Parfait & Black Truffle', '4'),
('31', 'Peas, Jellied Eel, Buttermilk, Herb Salad & Ticklemore', '4'),
('32', 'Highland Beef & Fermented Shiitake Sauce', '4'),
('33', 'Confit Potatoes', '4'),
('34', 'Courgette, Onion & Breadcrumbs', '4'),
('35', 'Burrata, Roasted Pumpkin, Pickled Radicchio, Hazelnuts & Sage', '5'),
('36', 'Raw Scallop, Celery, Clementine, Capers & Bottarga', '5'),
('37', 'Crab, Leeks, Apple, Ajo Blanco & Soft Herbs', '5'),
('38', 'Veal Sweetbread, Jerusalem Artichoke, Pickled Walnut & Lamb''s Lettuce', '5'),
('39', 'Ricotta, Cavolo Nero & Pine Nut Agnolotti', '5'),
('40', 'Pork Chop, Endive, Pink Fir Potato, Capers & Mustard Sauce', '5'),
('41', 'Lamb Rump, Grilled Artichoke, Fava Beans, Puntarelle & Salsa Verde', '5'),
('42', 'Turbot, Wild Mushrooms, Mussels & Vin Jaune', '5'),
('43', 'Olives, Thyme & Orange', '6'),
('44', 'Poppy Seed Focaccia, Onion & Black Garlic', '6'),
('45', 'Exmoor Caviar, Potato Chips & Sour Cream', '6'),
('46', 'Fried Bread, Spring Anchovies', '6'),
('48', 'Wood Grilled Cornish Sardines, Squid Ink & ''Nduja', '6'),
('49', 'Ember Roasted Beetroots, Goat’s Curd, Pickled Walnut', '6'),
('50', 'Winter Leaves, Pear Vinaigrette, & Berkswell Cheese', '6'),
('51', 'Isle Of Mull Diver Scallop, Shiitake & Vin Jaune', '6'),
('52', 'Raw Bluefin Tuna, Sicilan Pomegranate, Endive & Hazelnut', '6'),
('53', 'Brown Crab Noodles, Sancho Pepper & Chilli', '6'),
('54', 'Delica Squash, Brussel Sprout Tops, Ogleshield Cheese & Chestnut', '6'),
('55', 'Shetland Cod, Celeriac & Cauliflower, Scallop Velouté', '6'),
('56', 'Grilled Bavette, Turnip, Spigarello & Anchovy', '6'),
('57', 'Roast Brill Tranche, Lentils, Pied Mouton & Green Sauce', '6'),
('58', 'Whole Wood-Grilled John Dory, Smoked Bone Marrow Bordelaise', '6'),
('59', 'Grilled Lamb Leg, Turnip, Spigarello & Anchovy', '6'),
('60', 'Monkfish Cheek, Celeriac & Cauliflower, Scallop Velouté', '6'),
('61', 'Roast Brill Tranche, Lentils, Wild Mushrooms & Green Sauce', '6'),
('62', 'Glazed Salt Aged Duck Crown, Grilled Tardivo & Liver Toast', '6'),
('63', 'Deep-Fried Romanesco, Butterbeans, Chilli & Marjoram', '7'),
('64', 'Roast Delicia Squash, Wet Polenta, Pecorino & Walnut', '7'),
('65', 'Crab Mayonnaise, Shaved Fennel, Apple & Mint', '7'),
('66', 'Curried Mussels, Smoked Haddock, Spinach & Lentils', '7'),
('67', 'Rare Bavette, Salted Anchovy, Puntarella & Capers', '7'),
('68', 'Pappardelle, Chanterelles, Cavolo Nero & Parmesan', '7'),
('69', 'Roast Hake, Braised Chard, Chickpeas & Aioli', '7'),
('70', 'Chargrilled Pork Collar, Cime Di Rapa, Navel Oranges & Hazelnuts', '7'),
('71', 'Deep Fried Mids, Saffron Aioli', '7'),
('72', 'Brussel Sprout Tops, Horseradish Crème Fraiche', '7'),
('73', 'Burrata with Marinated Olasagasti Anchovies', '9'),
('74', 'Bruschetta of Cavolo Nero & Selvapiana Estate 2020 Olive Oil', '9'),
('75', 'Brussel Sprouts with Crispy Pancetta, Chestnut & Gorgonzola Fonduta', '9'),
('76', 'Aberdeen Angus Chopped Beef Fillet with Crostini', '9'),
('77', 'Pappardelle with Beef Shin Ragu', '9'),
('78', 'Tagliarini with Cappezzana Estate 2020 Olive Oil', '9'),
('79', 'Pumpkin Ravioli with Sage Butter', '9'),
('80', 'Fennel, Trevise, Porcini Mushroom & Parmesan Al Forno with Bitter Leaves', '9'),
('81', 'Line-Caught Cod with Wilted Italian Spinach, Cream & Lincolnshire Smoked Eel', '9'),
('82', 'Black Hampshire Pork Chop with Tuscan Potatoes & Aioli', '9'),
('83', 'Wild Line-Caught Cornish Monkfish with Castelluccio Lentils & Salsa Rossa', '9'),
('84', 'Dorset Lamb Rump with New Season''s Polenta, Anchovy & Rosemary Dressing', '9'),
('85', '42 Day Dry-Aged Belted Galloway T-Bone with Crispy Polenta, Gorgonzola Fonduta & Dressed Bitter Leaves', '9'),
('86', 'Oyster, Remoulade', '10'),
('87', 'Bitter Leaves, Shallot & Pecorino', '10'),
('88', 'Cockles, Keema, Purple Sprouting Brocolli', '10'),
('89', 'Prawn Wonton, Mushroom Broth', '10'),
('90', 'Scallops, Baked Beans', '10'),
('91', 'Chicken Wings, XO Sauce, Brown Shrimp', '10'),
('92', 'Dexter Cheeseburger', '10'),
('93', 'Turbot, Kale, Winter Truffle', '10'),
('94', 'Pigs Head Terrine, Chicory & Crab Apple', '11'),
('95', 'Trout Rilletes & Caraway Crackers', '11'),
('96', 'Aylesbury Duck with Damson Jelly', '11'),
('97', 'Semolina Crisp Bread, White Bean & Anchovy', '12'),
('98', 'Bitter Leaves, Soft Cow''s Cheese, Pear & Walnut', '12'),
('99', 'Smoked Salmon, Leek Hearts, Cucumber & Brioche ', '12'),
('100', 'Barbery Duck Breast, Braised Red Chicory & Parsley Pureé', '12'),
('101', 'Cod with Crushed Italian Pumpkin, Potatoes & Espelette Pepper Sauce', '12'),
('102', 'Leek & Potato Rarebit', '13'),
('103', 'Octopus & Radicchio Minestrone', '13'),
('104', 'Mushroom Tart', '13'),
('105', 'Roast Hen Of The Wood Mushroom with Jerusalem Artichoke & Peppercorn Sauce', '13'),
('106', 'Whole Grilled Sea Bream with Cabbage & Aioli', '13'),
('107', 'Stuffed Quail with Black Truffle', '13'),
('108', 'Pumpkin Soup', '14'),
('109', 'Focaccia, Split Peas & Chard', '14'),
('110', 'Roast Tomato, Little Gem & Anchovy', '14'),
('111', 'Ham & Parsley Terrine', '14'),
('112', 'Portland Crab, Fennel & Radicchio', '14'),
('113', 'Hake, Grilled Potatoes & Shrimp Butter', '14'),
('114', 'Grilled Mutton Chops, Turnips & Green Sauce', '14'),
('115', 'Middle White Pork, Lentils & Watercress, Aubergine & Chickpea Stew', '14'),
('116', 'Roast Celeriac, Pearl Barley & Pecorino', '14'),
('117', 'Aubergine & Chickpea Stew', '14'),
('118', 'Watermelon, Feta & Oregano', '14'),
('119', 'Duck Rillettes & Cornichons', '14'),
('120', 'Guinea Fowl Escabeche & Chicory', '14'),
('121', 'Brown Shrimp, White Cabbage & Chervil', '14'),
('122', 'Globe Artichoke & Vinaigrette', '14'),
('123', 'Grilled Mackerel & Cucumber Salad', '14'),
('124', 'Grilled Onglet, Beetroot, Lentils & Horseradish', '14'),
('125', 'Lamb Sweetbreads, Bacon & Peas', '14'),
('126', 'Braised Courgettes, Coco Beans & Mint', '14'),
('127', 'Dorset Crab, Roots & Grapefruit', '15'),
('128', 'Pork & Rojo Prawn Xiaolongbao', '15'),
('129', 'Tagiolini with White Truffle', '15'),
('130', 'Beetroot ‘Blood Pudding’, Bitter Leaves & Pumpkin', '15'),
('131', 'Wild Mushrooms, Artichoke & Tunworth Cream', '15'),
('132', 'Chalk Stream Trout, Sushi Rice & Nori', '15'),
('133', 'Shorthorn Sirloin, Pommes Anna & Bordelaise', '15'),
('134', 'Yorkshire Leghorn Ballotine, Bacon & Prunes', '15'),
('135', 'Burrata, Endive & Hazelnuts', '16'),
('136', 'Griddled Purple Sprouting Broccoli, Mustard Vinaigrette', '16'),
('137', 'Mushroom Ragu & Cavatelli', '16'),
('138', 'Beef Mince On Toast, Radicchio & Pickled Walnut', '16'),
('139', 'Fried Pumpkin, Fermented Chilli & Tahini', '16'),
('140', 'Roast Jerusalem Artichokes, Goat’s Curd & Sticky Shallots', '16'),
('141', 'Pear, Chicory & Hazelnut Salad', '16'),
('142', 'Cured Trout, Dill, Mustard & Potato', '16'),
('143', 'Crab, Fennel, Orange & Pomegranate', '16'),
('144', 'Foie Gras, Brioche & Pickled Prunes', '16'),
('145', 'Grilled Purple Sprouting Broccoli, Lardo & Walnuts', '16'),
('146', 'Red Wine & Radicchio Risotto', '16'),
('147', 'Potato, Tunworth & Wild Mushroom Pithivier', '16'),
('148', 'Roast Brill, Spiced Butter & Spinach', '16'),
('149', 'Confit Duck Leg, Braised Red Cabbage & Mustard', '16'),
('150', 'Onglet, Chips, Watercress & Peppercorn Sauce', '16'),
('151', 'Suet Crusted Game Pie & Greens', '16'),
('152', 'Slow Cooked Lamb, Cavolo Nero & Gratin Dauphinois', '16'),
('153', 'Cantabrian Anchovies, Roasted Peppers', '17'),
('154', 'Smoked Cod’s Roe, Radishes', '17'),
('155', 'Mushrooms a la Grecque & Ricotta on Toast', '17'),
('156', 'Ox Heart, Beetroot, Watercress', '17'),
('157', 'Moules Mariniere', '17'),
('158', 'Boudin Noir, Endives & Pear', '17'),
('159', 'Snails, Celeriac & Parsley', '17'),
('160', 'Stracciatella, Radicchio, Orange, Hazelnuts', '17'),
('161', 'Chicken Thigh, Harissa, Yogurt', '17'),
('162', 'Cavatelli alla Norma', '17'),
('163', 'Turbot, Wild Mushrooms, Leeks', '17'),
('164', 'Pork Secreto, Cime di Rapa, Turnips', '17'),
('165', 'Duck Rillette, Pickles', '18'),
('166', 'Beef Tartare, English Mustard, Lovage', '18'),
('167', 'White Spouting Broccoli, Ceaser, Anchovy', '18'),
('168', 'Fried Pigs Head, Gribiche', '18'),
('169', 'Grilled Hispi, Beef Fat, Burnt Apple', '18'),
('170', 'Cornish Leaves, Mustard Vinagrette', '18'),
('171', 'Pink Firs, Green Sauce', '18'),
('172', 'Raw Oyster, Green Tomato & Seaweed Salsa', '19'),
('173', 'Pickled Oyster, Celery, Horseradish, Dill', '19'),
('174', 'Raw Scallop, Confit Potato, Peanut, Massaman Curry', '19'),
('175', 'Grey Mullet Tartare, Egg Yolk, Soy', '19'),
('176', 'Cured Gurnard, Pumpkin, Sage, Chilli Oil', '19'),
('177', 'Mackerel Pate, Cider, Treacle Bread', '19'),
('178', 'Crab Crumpet, Cauliflower, Old Winchester', '19'),
('179', 'Brill, Parsnip, Smoked Pork Belly, Sesame', '19'),
('180', 'Hake Kiev, Wild Mushroom Butter, Black Truffle Hollandaise', '19'),
('181', 'Roast Pumpkin, Ricotta, Crispy Sage', '20'),
('182', 'Chicken & Duck Terrine, Endive, Pear & Mustard', '20'),
('183', 'Jerusalem Artichoke & Soft Egg', '20'),
('184', 'Fish Stew, Saffron, Fennel & Potatoes', '20'),
('185', 'Wild Mushroom, Chestnut & Spelt', '20'),
('186', 'Smoked Short Rib, Mash & Watercress', '21'),
('187', 'Spiced Cauliflower, Tomato & Yoghurt', '21');

INSERT INTO "restaurant" ("restaurant_id", "restauramt", "location") VALUES
('1', 'Quality Wines', 'London'),
('2', 'Lyle''s', 'London'),
('3', 'Brat', 'London'),
('4', 'Quality Chop House', 'London'),
('5', 'Brawn', 'London'),
('6', 'Orasay', 'London'),
('7', 'Ducksoup', 'London'),
('8', 'Brunswick House', 'London'),
('9', 'Trullo', 'London'),
('10', 'Four Legs', 'London'),
('11', 'Top Cuvée', 'London'),
('12', 'Leroy', 'London'),
('13', 'Perilla', 'London'),
('14', 'Rochelle Canteen', 'London'),
('15', 'The Laughing Heart', 'London'),
('16', 'The Clarence Tavern', 'London'),
('17', 'Rubedo', 'London'),
('18', 'Hill & Szrok', 'London'),
('19', 'Cornerstone', 'London'),
('20', 'Westerns Laundry', 'London'),
('21', 'Primeur', 'London');

INSERT INTO "search_term" ("ingredient_id", "synonym") VALUES
('1', 'Beef'),
('2', 'Game'),
('2', 'Pheasant'),
('3', 'Liver'),
('4', 'Goose'),
('5', 'Black Pudding'),
('5', 'Blood Pudding'),
('5', 'Blood Sausage'),
('6', 'Sausage'),
('7', 'Lamb'),
('8', 'Bacon'),
('8', 'Guanciale'),
('8', 'Pancetta'),
('9', 'Sweetbread'),
('10', 'Pork Chop'),
('10', 'Tamworth'),
('11', 'Nduja'),
('11', 'Sobrassada'),
('12', 'Bavette'),
('12', 'Flank'),
('13', 'Bone Marrow'),
('14', 'Beef Shin'),
('14', 'Shin'),
('15', 'Chicken'),
('15', 'Pollo'),
('16', 'Foie Gras'),
('17', 'Lardo'),
('18', 'Rabbit'),
('19', 'Deer'),
('19', 'Venison'),
('20', 'Offal'),
('21', 'Snail'),
('22', 'Short Rib'),
('23', 'Anchovy'),
('24', 'Clam'),
('25', 'Oyster'),
('26', 'Monkfish'),
('27', 'Hake'),
('28', 'Plaice'),
('29', 'Smoked Salmon'),
('30', 'Caper'),
('31', 'Eel'),
('31', 'Jellied Eel'),
('32', 'Scallop'),
('33', 'Bottarga'),
('34', 'Crab'),
('35', 'Turbot'),
('36', 'Mussel'),
('37', 'Caviar'),
('38', 'Sardine'),
('39', 'Squid Ink'),
('40', 'Tuna'),
('41', 'Cod'),
('42', 'Scallop'),
('43', 'Brill'),
('44', 'John Dory'),
('45', 'Prawn'),
('46', 'Shrimp'),
('47', 'Trout'),
('48', 'Octopus'),
('49', 'Sea Bream'),
('50', 'Quail'),
('51', 'Mackerel'),
('52', 'Mullet'),
('53', 'Gurnard'),
('54', 'Tomato'),
('55', 'Salad'),
('56', 'Turnip'),
('57', 'Chilli'),
('58', 'Citrus'),
('58', 'Lemon'),
('59', 'Carrot'),
('60', 'Spinach'),
('61', 'Apple'),
('62', 'Artichoke'),
('63', 'Cabbage'),
('64', 'Garlic'),
('65', 'Pumpkin'),
('66', 'Mandarin'),
('66', 'Orange'),
('67', 'Quince'),
('68', 'Potato'),
('69', 'Beetroot'),
('70', 'Pear'),
('71', 'Seaweed'),
('72', 'Leek'),
('73', 'Bean'),
('74', 'Onion'),
('75', 'Strawberry'),
('76', 'Broad Beans'),
('77', 'Peas'),
('78', 'Mushroom'),
('79', 'Courgette'),
('80', 'Pumpkin'),
('81', 'Radicchio'),
('82', 'Celery'),
('83', 'Clemetine'),
('84', 'Endive'),
('85', 'Olive'),
('86', 'Pomegranate'),
('87', 'Sancho Pepper'),
('88', 'Brussel Sprout'),
('89', 'Celeriac'),
('90', 'Cauliflower'),
('91', 'Fennel'),
('92', 'Chard'),
('93', 'Chickpea'),
('94', 'Cavolo Nero'),
('95', 'Shallot'),
('96', 'Kale'),
('97', 'Cucumber'),
('98', 'Gem Lettuce'),
('98', 'Lettuce'),
('99', 'Aubergine'),
('100', 'Watermelon'),
('101', 'Pickle'),
('103', 'Grapefruit'),
('104', 'Prune'),
('105', 'Broccoli'),
('105', 'Purple Sprouting'),
('105', 'Spigarello'),
('105', 'Tenderstem'),
('106', 'Red Cabbage'),
('107', 'Parsnip'),
('108', 'Black Truffle'),
('108', 'Truffle'),
('108', 'White Truffle'),
('109', 'Almond'),
('110', 'Walnut'),
('111', 'Chestnut'),
('112', 'Hazelnut'),
('113', 'Sage'),
('114', 'Paprika'),
('115', 'Thyme'),
('116', 'Marjoram'),
('117', 'Mint'),
('118', 'Saffron'),
('119', 'Rosemary'),
('120', 'Carraway'),
('121', 'Damson'),
('122', 'Parsley'),
('123', 'Oregano'),
('124', 'Chervil'),
('125', 'Dill'),
('126', 'Peppercorn'),
('127', 'Watercress'),
('128', 'Peanut'),
('129', 'Hard Cheese'),
('130', 'Burrata'),
('131', 'Ricotta'),
('132', 'Goat''s Curd'),
('133', 'Stracciatella'),
('134', 'Bread'),
('134', 'Focaccia'),
('135', 'Egg'),
('136', 'Pasta'),
('137', 'Crème Fraîche'),
('138', 'Honey'),
('139', 'Horseradish'),
('140', 'Vin Jaune'),
('140', 'White Wine'),
('141', 'Porridge'),
('142', 'Stock'),
('143', 'Buttermilk'),
('144', 'Duck Fat'),
('145', 'Mustard'),
('146', 'Green Sauce'),
('146', 'Salsa Verde'),
('147', 'Sour Cream'),
('148', 'Lentil'),
('149', 'Red Wine'),
('150', 'Polenta'),
('150', 'Wet Polenta'),
('151', 'Aioli'),
('152', 'Olive Oil'),
('153', 'Salsa Rossa'),
('154', 'Pearl Barley'),
('155', 'Bao'),
('155', 'Steamed Bun'),
('156', 'Rice'),
('157', 'Tahini'),
('158', 'Risotto'),
('159', 'Harissa'),
('160', 'Yoghurt'),
('161', 'Caesar Dressing'),
('162', 'Soy'),
('163', 'Cider'),
('164', 'Treacle'),
('165', 'Crumpet'),
('166', 'Sesame'),
('167', 'Spelt'),
('168', 'Extra Virgin Olive Oil'),
('168', 'Olive Oil'),
('169', 'Haddock'),
('170', 'Duck'),
('171', 'Butter'),
('172', 'Gorgonzola'),
('173', 'Cods Roe'),
('174', 'Basil');